topic,url,index,ratings,total
Politics,http://www.birthdaypartyideas.com/html/tea.html,900,"0,0,1,0,0",1
Politics,http://www.salon.com/news/tea_parties/index.html?story=/opinion/walsh/politics/2010/06/16/john_kasich_lehman_brothers_populist,901,"0,0,0,1,0",1
Politics,http://stlouisteaparty.com/,902,"0,0,1,0,0",1
Politics,http://abcnews.go.com/Politics/tea-party-protesters-march-washington/story?id=8557120,903,"0,0,0,1,0",1
Politics,http://topics.politico.com/index.cfm/topic/TeaParty,904,"0,0,1,0,0",1
Politics,http://www.nationwidechicagoteaparty.com/,905,"0,0,1,0,0",1
Politics,http://party.kaboose.com/tea_party.html,906,"0,0,0,1,0",1
Environment,http://www.renewableenergyworld.com/,907,"0,0,0,0,0",0
Environment,http://www.renewableenergyworld.com/rea/tech/home,908,"0,0,0,0,0",0
Environment,http://tribune.com.pk/story/381422/for-a-green-economy-experts-stress-on-equal-gender-participation-renewable-energy/,909,"0,0,0,0,0",0
Environment,http://www.telegraph.co.uk/earth/energy/renewableenergy/9276895/Electricity-bills-set-to-rise-to-pay-for-wind-farm-subsidies.html,910,"0,0,0,0,0",0
Environment,http://www.reuters.com/article/2012/05/18/us-apple-idUSBRE84G0YW20120518,911,"0,0,0,0,0",0
Environment,http://www.energymatters.com.au/renewable-energy/,912,"0,0,0,0,0",0
Environment,http://www.sciencedirect.com/science/journal/09601481,913,"0,0,0,0,0",0
Environment,http://www.journals.elsevier.com/renewable-energy/,914,"0,0,0,0,0",0
Environment,http://www.energysavingtrust.org.uk/Generate-your-own-energy,915,"0,0,0,0,0",0
Environment,http://www.re-energy.ca/,916,"0,0,0,0,0",0
Environment,http://ec.europa.eu/energy/renewables/,917,"0,0,0,0,0",0
Environment,http://www.climatechange.gov.au/what-you-need-to-know/renewable-energy.aspx,918,"0,0,0,0,0",0
Environment,http://www.nrcan.gc.ca/energy/renewable/1580,919,"0,0,0,0,0",0
Environment,http://www.sciencedaily.com/news/earth_climate/renewable_energy/,920,"0,0,0,0,0",0
Environment,http://edugreen.teri.res.in/explore/renew/renew.htm,921,"0,0,0,0,0",0
Environment,http://www.decc.gov.uk/en/content/cms/meeting_energy/renewable_ener/renewable_ener.aspx,922,"0,0,0,0,0",0
Environment,http://www.r-e-a.net/,923,"0,0,0,0,0",0
Environment,http://www.renewableenergyfocus.com/,924,"0,0,0,0,0",0
Environment,http://www.scotland.gov.uk/Topics/Business-Industry/Energy/Energy-sources/19185,925,"0,0,0,0,0",0
Environment,http://www.earthtechling.com/topics/renewable-energy/,926,"0,0,0,0,0",0
Environment,http://www.recgroup.com/,927,"0,0,0,0,0",0
Environment,http://www.iea.org/subjectqueries/keyresult.asp?keyword_id=4116,928,"0,0,0,0,0",0
Environment,http://www.solarenergy.org/,929,"0,0,0,0,0",0
Environment,http://www.energy.ca.gov/renewables/,930,"0,0,0,0,0",0
Environment,http://www.youtube.com/watch?v=oTyWeW5MEio,931,"0,0,0,0,0",0
Environment,http://www.ted.com/talks/donald_sadoway_the_missing_link_to_renewable_energy.html,932,"0,0,0,0,0",0
Environment,http://www.treehugger.com/renewable-energy/grid-scale-metal-liquid-batteries-could-revolutionize-renewable-energy-use.html,933,"0,0,0,0,0",0
Environment,http://www.mnre.gov.in/,934,"0,0,0,0,0",0
Environment,http://www.motherearthnews.com/Renewable-Energy.aspx,935,"0,0,0,0,0",0
Environment,http://www.njcep.com/,936,"0,0,0,0,0",0
Environment,http://www.dsireusa.org/,937,"0,0,0,0,0",0
Environment,http://www.eere.energy.gov/redirects/eren.html,938,"0,0,0,0,0",0
Environment,http://www.treehugger.com/renewable-energy/,939,"0,0,0,0,0",0
Environment,http://www.ene.gov.on.ca/environment/en/subject/renewable_energy/index.htm,940,"0,0,0,0,0",0
Environment,http://www.nationalatlas.gov/articles/people/a_energy.html,941,"0,0,0,0,0",0
Environment,http://www.renewableenergyworld.com/rea/careers,942,"0,0,0,0,0",0
Environment,http://tonto.eia.doe.gov/kids/energy.cfm?page=renewable_home-basics,943,"0,0,0,0,0",0
Environment,http://epa.gov/climatechange/,944,"0,0,0,0,0",0
Environment,http://www.climatechange.gov.au/,945,"0,0,0,0,0",0
Environment,http://topics.nytimes.com/top/news/science/topics/globalwarming/index.html,946,"0,0,0,0,0",0
Environment,http://www.bangkokpost.com/news/local/294208/climate-change-action-now-an-afterthought,947,"0,0,0,0,0",0
Environment,http://thestar.com.my/news/story.asp?file=/2012/5/20/asia/11319629&sec=asia,948,"0,0,0,0,0",0
Environment,http://www.fijitimes.com/story.aspx?id=201766,949,"0,0,0,0,0",0
Environment,http://www.direct.gov.uk/en/environmentandgreenerliving/thewiderenvironment/climatechange/index.htm,950,"0,0,0,0,0",0
Environment,http://www.springer.com/earth+sciences+and+geography/atmospheric+sciences/journal/10584,951,"0,0,0,0,0",0
Environment,http://unfccc.int/,952,"0,0,0,0,0",0
Environment,http://www.bom.gov.au/climate/change/,953,"0,0,0,0,0",0
Environment,http://www.metoffice.gov.uk/climate-change,954,"0,0,0,0,0",0
Environment,http://www.nature.org/ourinitiatives/urgentissues/climatechange/index.htm,955,"0,0,0,0,0",0
Environment,http://climatechange.worldbank.org/,956,"0,0,0,0,0",0
Environment,http://climatechange.gc.ca/default.asp?lang=en&n=e18c8f2d-1,957,"0,0,0,0,0",0
Environment,http://www.bbc.co.uk/sn/hottopics/climatechange/,958,"0,0,0,0,0",0
Environment,http://www.decc.gov.uk/,959,"0,0,0,0,0",0
Environment,http://www.epa.gov/climatechange/kids/,960,"0,0,0,0,0",0
Environment,http://www.un.org/climatechange,961,"0,0,0,0,0",0
Environment,http://www.climatechange.govt.nz/,962,"0,0,0,0,0",0
Environment,http://www.davidsuzuki.org/issues/climate-change/science/climate-change-basics/climate-change-101-1/,963,"0,0,0,0,0",0
Environment,http://www.ft.com/indepth/climatechange,964,"0,0,0,0,0",0
Environment,http://www.oxfam.org.uk/get-involved/campaign-with-us/our-campaigns/grow,965,"0,0,0,0,0",0
Environment,http://www.amnh.org/climatechange,966,"0,0,0,0,0",0
Environment,http://www.wikinvest.com/concept/Global_Climate_Change,967,"0,0,0,0,0",0
Environment,http://www.youtube.com/watch?v=zzjOcOcQ90U,968,"0,0,0,0,0",0
Environment,http://www.ec.gc.ca/default.asp?lang=en&n=2967c31d-1,969,"0,0,0,0,0",0
Environment,http://www.pembina.org/climate,970,"0,0,0,0,0",0
Environment,http://www.climatechange.gov.au/climate-change.aspx,971,"0,0,0,0,0",0
Environment,http://www.fao.org/climatechange/en/,972,"0,0,0,0,0",0
Environment,http://www.worldwildlife.org/climate/,973,"0,0,0,0,0",0
Environment,http://www.greenpeace.org/international/en/campaigns/climate-change/,974,"0,0,0,0,0",0
Environment,http://www.panda.org/climate,975,"0,0,0,0,0",0
Environment,http://www.who.int/topics/climate/en/,976,"0,0,0,0,0",0
Environment,http://www.youtube.com/watch?v=pA6FSy6EKrM,977,"0,0,0,0,0",0
Environment,http://www.ecomii.com/ecopedia/cap-and-trade,978,"0,0,0,0,0",0
Environment,http://www.heritage.org/issues/energy-and-environment/cap-and-trade,979,"0,0,0,0,0",0
Environment,http://topics.nytimes.com/topics/reference/timestopics/subjects/g/greenhouse_gas_emissions/cap_and_trade/index.html,980,"0,0,0,0,0",0
Environment,http://www.storyofstuff.org/movies-all/story-of-cap-trade/,981,"0,0,0,0,0",0
Environment,http://www.realvail.com/article/1434/Key-stakeholders-ink-Colorado-River-Cooperative-Agreement,982,"0,0,0,0,0",0
Environment,http://www.science20.com/science_20/cap_and_trade_water-90171,983,"0,0,0,0,0",0
Environment,http://www.sfgate.com/cgi-bin/article.cgi?f=/c/a/2012/05/16/BUPQ1OIGTI.DTL,984,"0,0,0,0,0",0
Environment,http://www.smithsonianmag.com/science-nature/Presence-of-Mind-Blue-Sky-Thinking.html,985,"0,0,0,0,0",0
Environment,http://twitter.com/#!/capandtrade,986,"0,0,0,0,0",0
Environment,"http://www.foxnews.com/story/0,2933,529200,00.html",987,"0,0,0,0,0",0
Environment,http://www.edf.org/approach/markets/acid-rain,988,"0,0,0,0,0",0
Environment,http://www.cbsnews.com/8301-504383_162-5314040-504383.html,989,"0,0,0,0,0",0
Environment,http://www.nocapandtrade.com/,990,"0,0,0,0,0",0
Environment,http://www.epa.gov/captrade/documents/ctessentials.pdf,991,"0,0,0,0,0",0
Environment,http://www.nytimes.com/2010/03/26/science/earth/26climate.html,992,"0,0,0,0,0",0
Environment,http://www.americanthinker.com/2010/05/capandtrade_is_back.html,993,"0,0,0,0,0",0
Environment,http://www.env.gov.bc.ca/cas/mitigation/ggrcta/emissions-trading-regulation/index.html,994,"0,0,0,0,0",0
Environment,http://www.businessweek.com/magazine/content/09_11/b4123022554346.htm,995,"0,0,0,0,0",0
Environment,http://hotair.com/archives/2012/05/12/new-epa-project-cap-and-trade-simulator/,996,"0,0,0,0,0",0
Environment,http://www.ene.gov.on.ca/environment/en/category/climate_change/STDPROD_078899.html,997,"0,0,0,0,0",0
Environment,http://www.env-econ.net/carbon_tax_vs_capandtrade.html,998,"0,0,0,0,0",0
Environment,http://www.washingtonpost.com/blogs/fact-checker/post/gingrich-and-cap-and-trade-a-flip-flop/2011/12/04/gIQANXNVVO_blog.html,999,"0,0,0,0,0",0
Environment,http://blogs.sacbee.com/capitolalertlatest/2012/01/jerry-brown-says-cap-and-trade-fees-will-fund-high-speed-rail.html,1000,"0,0,0,0,0",0
Environment,http://vimeo.com/8847746,1001,"0,0,0,0,0",0
Environment,http://vimeo.com/7908590,1002,"0,0,0,0,0",0
Environment,http://thehill.com/blogs/e2-wire/e2-wire/219753-obama-cap-and-trade-was-a-republican-idea,1003,"0,0,0,0,0",0
Environment,http://www.investopedia.com/terms/c/cap-and-trade.asp,1004,"0,0,0,0,0",0
Environment,http://www.npr.org/templates/story/story.php?storyId=126280761,1005,"0,0,0,0,0",0
Environment,http://www.rggi.org/,1006,"0,0,0,0,0",0
Environment,http://newscenter.lbl.gov/feature-stories/2012/03/15/cap-and-trade-programs-do-not-provide-sufficient-incentives/,1007,"0,0,0,0,0",0
Environment,http://www.youtube.com/watch?v=cVlF_ltkqp8,1008,"0,0,0,0,0",0
Environment,http://www.pnas.org/content/early/2012/03/08/1113462109,1009,"0,0,0,0,0",0
Environment,http://www.organiceating.com/,1010,"0,0,0,0,0",0
Environment,http://www.thedailygreen.com/healthy-eating/eat-safe/dirty-dozen-foods,1011,"0,0,0,0,0",0
Environment,http://www.motherearthnews.com/relish/eating-organic-on-a-budget.aspx,1012,"0,0,0,0,0",0
Environment,http://www.organicconsumers.org/organlink.cfm,1013,"0,0,0,0,0",0
Environment,http://www.eatwellguide.org/,1014,"0,0,0,0,0",0
Environment,http://www.localharvest.org/,1015,"0,0,0,0,0",0
Environment,http://www.eatingwell.com/food_news_origins/organic_natural/12_foods_you_should_buy_organic,1016,"0,0,0,0,0",0
Environment,http://www.counselheal.com/articles/1840/20120519/eating-organic-food-make-harsh-others.htm,1017,"0,0,0,0,0",0
Environment,http://todayhealth.today.msnbc.msn.com/_news/2012/05/18/11737146-does-organic-food-turn-people-into-jerks?chromedomain=bodyodd&lite,1018,"0,0,0,0,0",0
Environment,http://www.huffingtonpost.com/2012/05/18/organic-eaters-mean_n_1528529.html,1019,"0,0,0,0,0",0
Environment,http://www.facebook.com/GrowingOrganicEatingOrganic,1020,"0,0,0,0,0",0
Environment,http://www.organic.org/,1021,"0,0,0,0,0",0
Environment,http://www.gov.hk/en/residents/health/foodsafe/organiceating.htm,1022,"0,0,0,0,0",0
Environment,http://www.medicinenet.com/script/main/art.asp?articlekey=52420,1023,"0,0,0,0,0",0
Environment,http://www.helpguide.org/life/organic_foods_pesticides_gmo.htm,1024,"0,0,0,0,0",0
Environment,http://www.veganorganiced.org/,1025,"0,0,0,0,0",0
Environment,http://www.mayoclinic.com/health/organic-food/NU00255,1026,"0,0,0,0,0",0
Environment,http://www.eatingwell.com/nutrition_health/healthy_kids_diet_center,1027,"0,0,0,0,0",0
Environment,http://www.squidoo.com/organic-eating-on-a-budget,1028,"0,0,0,0,0",0
Environment,http://www.c21poconoselectgroup.com/public/green/eatingorganic.pdf,1029,"0,0,0,0,0",0
Environment,http://www.amazon.com/Wildly-Affordable-Organic-Fabulous-Planet-All/dp/073821468X,1030,"0,0,0,0,0",0
Environment,http://www.wikihow.com/Choose-the-Most-Important-Organic-Foods,1031,"0,0,0,0,0",0
Environment,http://www.organickitchen.com/rest/rest.html,1032,"0,0,0,0,0",0
Environment,http://www.besthealthmag.ca/eat-well/healthy-eating/does-organic-mean-healthier,1033,"0,0,0,0,0",0
Environment,http://www.ewg.org/foodnews/,1034,"0,0,0,0,0",0
Environment,http://recipes.howstuffworks.com/eat-organic-foods.htm,1035,"0,0,0,0,0",0
Environment,http://www.treehugger.com/green-food/organic-food-healthier-for-you-and-the-planet.html,1036,"0,0,0,0,0",0
Environment,http://www.organicauthority.com/,1037,"0,0,0,0,0",0
Environment,http://www.eatit.ca/,1038,"0,0,0,0,0",0
Environment,http://www.reuters.com/article/2010/05/24/us-organic-foods-idUSTRE64N3O920100524,1039,"0,0,0,0,0",0
Environment,http://www.naturalnews.com/organic_foods.html,1040,"0,0,0,0,0",0
Environment,http://www.redbookmag.com/recipes-home/truth-about-organic-foods,1041,"0,0,0,0,0",0
Environment,http://www.expats.cz/prague/article/czech-food-drink/organic-food-prague/,1042,"0,0,0,0,0",0
Environment,http://www.sustainable-live-work-play.com/organic-food-coupons.html,1043,"0,0,0,0,0",0
Environment,http://wholesomebabyfood.momtastic.com/organicsforhomemadebabyfood.htm,1044,"0,0,0,0,0",0
Environment,http://en.wikipedia.org/wiki/Green_job,1045,"0,0,0,0,0",0
Environment,http://www.greenjobs.co.uk/,1046,"0,0,0,0,0",0
Environment,http://www.greenjobs.ie/,1047,"0,0,0,0,0",0
Environment,http://www.thegreenjobbank.com/,1048,"0,0,0,0,0",0
Environment,http://www.greenforall.org/resources/green-jobs-guidebook,1049,"0,0,0,0,0",0
Environment,http://www.goodworkcanada.ca/,1050,"0,0,0,0,0",0
Environment,http://www.environmentjob.co.uk/,1051,"0,0,0,0,0",0
Environment,http://www.timesofmalta.com/articles/view/20120520/local/Green-jobs-should-get-priority-AD.420449,1052,"0,0,0,0,0",0
Environment,http://www.dnainfo.com/new-york/20120518/navy-yard/hundreds-of-green-jobs-coming-brooklyn-navy-yard,1053,"0,0,0,0,0",0
Environment,http://www.sacbee.com/2012/05/17/4496750/construction-industrys-workforce.html,1054,"0,0,0,0,0",0
Environment,http://www.bls.gov/green/,1055,"0,0,0,0,0",0
Environment,http://twitter.com/#!/greenjobs,1056,"0,0,0,0,0",0
Environment,http://www.ilo.org/greenjobs,1057,"0,0,0,0,0",0
Environment,http://acre-resources.com/,1058,"0,0,0,0,0",0
Environment,http://www.guardian.co.uk/environment/green-jobs,1059,"0,0,0,0,0",0
Environment,http://www.osha.gov/dep/greenjobs/index.html,1060,"0,0,0,0,0",0
Environment,http://greenjobsready.com/,1061,"0,0,0,0,0",0
Environment,http://www.unep.org/labour_environment/PDFs/Greenjobs/UNEP-Green-Jobs-Report.pdf,1062,"0,0,0,0,0",0
Environment,http://www.greenlocaljobs.com/,1063,"0,0,0,0,0",0
Environment,http://www.green-jobs.ca/,1064,"0,0,0,0,0",0
Environment,http://www.greenjobsconference.org/,1065,"0,0,0,0,0",0
Environment,http://environmentalcareer.com/,1066,"0,0,0,0,0",0
Environment,http://www.dol.gov/dol/green/,1067,"0,0,0,0,0",0
Environment,http://www.greens.org.nz/greenjobs,1068,"0,0,0,0,0",0
Environment,http://www.mnn.com/eco-glossary/green-jobs,1069,"0,0,0,0,0",0
Environment,http://www.goinggreenjobs.com/,1070,"0,0,0,0,0",0
Environment,http://cleantechnica.com/category/business-economy/green-jobs/,1071,"0,0,0,0,0",0
Environment,http://www.greenjobsphilly.org/,1072,"0,0,0,0,0",0
Environment,http://environmentaljobs.com.au/,1073,"0,0,0,0,0",0
Environment,http://www.envirojobs.com.au/,1074,"0,0,0,0,0",0
Environment,http://www.edf.org/climate/california-green-jobs-guidebook,1075,"0,0,0,0,0",0
Environment,http://www.earthtechling.com/topics/green-jobs/,1076,"0,0,0,0,0",0
Environment,http://www.workcabin.ca/,1077,"0,0,0,0,0",0
Health,http://www.vanderbilt.edu/ans/psychology/health_psychology/TheAtkinsDiet.htm,1078,"0,0,0,0,0",0
Health,http://www.davnet.org/kevin/essays/atkinsdiet.html,1079,"0,0,0,0,0",0
Health,http://abcnews.go.com/Health/WellnessResource/low-carb-diets-effective-reducing-weight/story?id=6768945,1080,"0,0,0,0,0",0
Health,http://www.streetdirectory.com/travel_guide/47115/lose_weight/the_effectiveness_of_atkins_diet.html,1081,"0,0,0,0,0",0
Health,http://www.dailymail.co.uk/news/article-1035779/Atkins-diet-safe-far-effective-low-fat-says-study.html,1082,"0,0,0,0,0",0
Health,http://nccam.nih.gov/research/results/spotlight/030607.htm?nav=rss,1083,"0,0,0,0,0",0
Health,http://www.healthyweightforum.org/eng/diets/diet-reviews/,1084,"0,0,0,0,0",0
Health,http://livinlavidalowcarb.com/blog/two-year-study-shows-low-carb-diet-effective-for-weight-loss-improves-hdl-cardiovascular-health-risks/8686,1085,"0,0,0,0,0",0
Health,http://en.wikipedia.org/wiki/Low-carbohydrate_diet,1086,"0,0,0,0,0",0
Health,http://www.bodybuilding.com/fun/venuto1.htm,1087,"0,0,0,0,0",0
Health,http://www.bodybuilding.com/fun/bbinfo.php?page=lowcarbdiets,1088,"0,0,0,0,0",0
Health,http://www.mayoclinic.com/health/low-carb-diet/NU00279,1089,"0,0,0,0,0",0
Health,http://www.drbriffa.com/2007/03/07/study-confirms-superior-effectiveness-of-low-carb-eating-for-weight-loss/,1090,"0,0,0,0,0",0
Health,http://www.medicalnewstoday.com/articles/7379.php,1091,"0,0,0,0,0",0
Health,http://www.scienceagogo.com/news/20070506001434data_trunc_sys.shtml,1092,"0,0,0,0,0",0
Health,http://clinicaltrials.gov/ct2/show/NCT00006193,1093,"0,0,0,0,0",0
Health,http://www.sciencedaily.com/releases/2004/05/040518073128.htm,1094,"0,0,0,0,0",0
Health,http://news.temple.edu/news/temple-research-studies-long-term-effectiveness-low-carb-versus-low-fat-diets,1095,"0,0,0,0,0",0
Health,http://www.weightlossresources.co.uk/diet/atkins_diet/atkins.htm,1096,"0,0,0,0,0",0
Health,http://thetoylanders.hubpages.com/hub/Safety-and-Effectiveness-Of-the-Atkins-Diet,1097,"0,0,0,0,0",0
Health,http://www.lowcarb.ca/articlesb/article343.html,1098,"0,0,0,0,0",0
Health,http://www.atkins.com/,1099,"0,0,0,0,0",0
Health,http://lowcarbdiets.about.com/od/lowcarb101/a/gettingstarted.htm,1100,"0,0,0,0,0",0
Health,http://www.holisticroads.com/how-effective-is-the-atkins-diet-plan/,1101,"0,0,0,0,0",0
Health,http://qualitycounts.com/fpatkinsdiet.htm,1102,"0,0,0,0,0",0
Health,http://www.blogher.com/node/16360,1103,"0,0,0,0,0",0
Health,http://charm.cs.uiuc.edu/users/jyelon/lowcarb.med/topic0.html,1104,"0,0,0,0,0",0
Health,http://healthpsych.psy.vanderbilt.edu/2008/low_carb.htm,1105,"0,0,0,0,0",0
Health,http://forum.lowcarber.org/showthread.php?t=32881,1106,"0,0,0,0,0",0
Health,http://www.kidsepilepsy.com/onetreat.asp?id=663,1107,"0,0,0,0,0",0
Health,http://www.medscape.org/viewarticle/553258,1108,"0,0,0,0,0",0
Health,http://www.quackwatch.com/06ResearchProjects/lcd.html,1109,"0,0,0,0,0",0
Health,http://www.ready-your-abs.com/lowcarbdiet.html,1110,"0,0,0,0,0",0
Health,http://www.livestrong.com/article/382753-is-the-atkins-diet-safe-and-effective/,1111,"0,0,0,0,0",0
Health,http://www.drbriffa.com/2008/01/23/research-shows-that-protein-rich-low-carb-diets-are-most-effective-for-sating-the-appetite/,1112,"0,0,0,0,0",0
Health,http://www.3fatchicks.com/how-effective-is-the-low-carb-diet-for-weight-loss/,1113,"0,0,0,0,0",0
Health,http://www.parenting.com/article/autism-warning-signs-1204127474106,1114,"0,0,0,0,0",0
Health,http://www.autismsciencefoundation.org/autism-warning-signs,1115,"0,0,0,0,0",0
Health,http://www.autismspeaks.ca/early-warning-signs,1116,"0,0,0,0,0",0
Health,http://www.ivillage.com/be-wise-be-aware-don-t-worry-autism-warning-signs/4-b-377363,1117,"0,0,0,0,0",0
Health,http://blogs.babycenter.com/mom_stories/03302012autism-warning-signs/,1118,"0,0,0,0,0",0
Health,http://www.autismtoday.com/articles/wyman.PDF,1119,"0,0,0,0,0",0
Health,http://health.clevelandclinic.org/2012/04/videos-autism-warning-signs-and-perception/,1120,"0,0,0,0,0",0
Health,http://www.livestrong.com/article/164189-autism-warning-signs/,1121,"0,0,0,0,0",0
Health,http://www.newparent.com/baby/autism-warning-signs/,1122,"0,0,0,0,0",0
Health,http://www.stltoday.com/lifestyles/health-med-fit/fitness/autism-warning-signs/article_2740f4ab-35eb-5584-8d82-f7f4034783a1.html,1123,"0,0,0,0,0",0
Health,http://www.mayoclinic.com/health/autism/ds00348/dsection=symptoms,1124,"0,0,0,0,0",0
Health,http://buffalo.ynn.com/content/top_stories/553664/more-autism-warning-signs-to-be-posted-in-amherst/,1125,"0,0,0,0,0",0
Health,http://www.disabilityscoop.com/2011/08/16/autism-warning-signs/13752/,1126,"0,0,0,0,0",0
Health,http://www.udg.edu/grupsrecerca/AutismeUdG/QuesonelsTEA/Signesdalertaennadons/tabid/14030/language/en-US/Default.aspx,1127,"0,0,0,0,0",0
Health,http://relieveautism.com/autism-signs-and-symptoms/early-autism-warning-signs-and-symptoms/,1128,"0,0,0,0,0",0
Health,http://autism-center.ucsd.edu/treating-early-autism/Pages/signs.aspx,1129,"0,0,0,0,0",0
Health,http://hvparent.com/Permalink.aspx/Autism-warning-signs,1130,"0,0,0,0,0",0
Health,http://www.opwdd.ny.gov/node/194,1131,"0,0,0,0,0",0
Health,http://www.cbsnews.com/8334-504763_162-57406979-10391704/10-early-warning-signs-of-autism/,1132,"0,0,0,0,0",0
Health,http://www.youtube.com/watch?v=X2XCuBLKBBs,1133,"0,0,0,0,0",0
Health,http://outreach.org/tag/autism-warning-signs/,1134,"0,0,0,0,0",0
Health,http://www.kimtrumanfitness.com/webmd-daily-autisms-warning-signs/,1135,"0,0,0,0,0",0
Health,http://www.thedoctorstv.com/main/show_synopsis/104?section=feature&title=Autism%20Warning%20Signs,1136,"0,0,0,0,0",0
Health,http://www.thedailybeast.com/newsweek/blogs/lab-notes/2008/11/06/harbingers-of-autism.html,1137,"0,0,0,0,0",0
Health,http://www.cbc.ca/news/health/story/2011/04/28/autism-screening.html,1138,"0,0,0,0,0",0
Health,http://www.livestrong.com/article/74519-autism-warning-signs-toddlers/,1139,"0,0,0,0,0",0
Health,http://101parenttips.com/101parenttips.com/hot-topics/autism/warning-signs-of-autism/,1140,"0,0,0,0,0",0
Health,http://drnicoleconnolly.com/autism-warning-signs/,1141,"0,0,0,0,0",0
Health,http://www.wgrz.com/news/article/156393/1/Parents-Fight-For-Autistic-Warning-Sign-,1142,"0,0,0,0,0",0
Health,http://blip.tv/autismlive/early-warning-signs-of-autism-6096077,1143,"0,0,0,0,0",0
Health,http://www.opposingviews.com/i/is-my-child-autistic-warning-signs-to-look-for,1144,"0,0,0,0,0",0
Health,http://www.cdc.gov/ncbddd/actearly/act/class.html,1145,"0,0,0,0,0",0
Health,http://www.operationautismonline.org/autism-101/what-is-autism-2/warning-signs/,1146,"0,0,0,0,0",0
Health,http://www.mamapedia.com/s/autism-warning-signs,1147,"0,0,0,0,0",0
Health,http://www.autismsciencefoundation.org/what-is-autism/autism-diagnosis,1148,"0,0,0,0,0",0
Health,http://www.nia.nih.gov/alzheimers/publication/alzheimers-disease-genetics-fact-sheet,1149,"0,0,0,0,0",0
Health,http://ghr.nlm.nih.gov/condition/alzheimer-disease,1150,"0,0,0,0,0",0
Health,http://www.webmd.com/alzheimers/guide/alzheimers-genetic,1151,"0,0,0,0,0",0
Health,http://www.webmd.com/alzheimers/news/20110403/new-alzheimers-genes-found,1152,"0,0,0,0,0",0
Health,http://www.bbc.co.uk/news/health-12937131,1153,"0,0,0,0,0",0
Health,http://web.mit.edu/newsoffice/2012/alzheimers-hdac2-inhibitors-0301.html,1154,"0,0,0,0,0",0
Health,http://www.sciencedaily.com/releases/2012/05/120516140016.htm,1155,"0,0,0,0,0",0
Health,http://www.alzinfo.org/07/about-alzheimers/genetic-risk-factors,1156,"0,0,0,0,0",0
Health,http://alzheimers.org.uk/site/scripts/documents_info.php?documentID=168,1157,"0,0,0,0,0",0
Health,http://www.bloomberg.com/news/2011-04-04/five-new-alzheimer-s-genes-double-total-in-new-push-for-cure.html,1158,"0,0,0,0,0",0
Health,http://healthland.time.com/2011/04/05/new-alzheimers-genes-why-they-matter-even-if-they-dont-change-patient-care/,1159,"0,0,0,0,0",0
Health,http://www.guardian.co.uk/lifeandstyle/2011/apr/03/alzheimers-genetic-link-earlier-tests,1160,"0,0,0,0,0",0
Health,http://www.nytimes.com/2011/04/04/health/04alzheimer.html?pagewanted=all,1161,"0,0,0,0,0",0
Health,http://www.alz.org/alzheimers_disease_causes_risk_factors.asp,1162,"0,0,0,0,0",0
Health,http://www.cbc.ca/news/health/story/2011/04/01/alzheimer-genes-identified.html,1163,"0,0,0,0,0",0
Health,http://www.alzgene.org/,1164,"0,0,0,0,0",0
Health,http://www.usatoday.com/news/health/medical/health/medical/alzheimers/story/2011/04/Researchers-New-genes-linked-to-Alzheimers/45715102/1,1165,"0,0,0,0,0",0
Health,http://curealz.org/projects/alzheimer%E2%80%99s-genome-project%E2%84%A2,1166,"0,0,0,0,0",0
Health,http://en.wikipedia.org/wiki/Early-onset_Alzheimer's_disease,1167,"0,0,0,0,0",0
Health,http://www.futurity.org/health-medicine/alzheimers-gene-opens-floodgate-in-brain/,1168,"0,0,0,0,0",0
Health,http://www.alzheimersreadingroom.com/2011/04/alzheimers-genes-four-known-alzheimers.html,1169,"0,0,0,0,0",0
Health,http://psychcentral.com/news/2011/05/16/alzheimers-gene-may-damage-brain-long-before-symptoms/26204.html,1170,"0,0,0,0,0",0
Health,http://www.theglobeandmail.com/life/health/new-health/conditions/alzheimers/running-may-counteract-risks-of-alzheimers-gene/article2309815/,1171,"0,0,0,0,0",0
Health,http://thechart.blogs.cnn.com/2011/04/03/discovery-doubles-genetic-clues-to-alzheimers/,1172,"0,0,0,0,0",0
Health,http://www.nhs.uk/news/2011/04April/Pages/genetic-clues-to-alzheimers.aspx,1173,"0,0,0,0,0",0
Health,http://www.npr.org/2011/04/08/135241857/sifting-genes-for-clues-to-alzheimers,1174,"0,0,0,0,0",0
Health,http://learn.genetics.utah.edu/content/disorders/whataregd/alzheimers/,1175,"0,0,0,0,0",0
Health,http://www.sltrib.com/sltrib/news/52242962-78/alzheimer-testing-genetic-medical.html.csp,1176,"0,0,0,0,0",0
Health,http://blog.alz.org/genetictesting/,1177,"0,0,0,0,0",0
Health,http://www.genetichealth.com/alz_genetics_of_alzheimers_disease.shtml,1178,"0,0,0,0,0",0
Health,http://abcnews.go.com/Health/AlzheimersNews/alzheimers-disease-scientists-discover-genes-drug-targets/story?id=13273618,1179,"0,0,0,0,0",0
Health,http://www.nature.com/nbt/journal/v29/n3/full/nbt0311-179c.html,1180,"0,0,0,0,0",0
Health,http://newoldage.blogs.nytimes.com/2011/04/04/scientists-link-new-genes-to-alzheimers/,1181,"0,0,0,0,0",0
Health,http://www.bbc.co.uk/1/hi/health/8237686.stm,1182,"0,0,0,0,0",0
Health,http://www.scientificamerican.com/errors/301.cfm?301,1183,"0,0,0,0,0",0
Health,http://articles.latimes.com/2011/apr/04/news/la-heb-alzheimers-genes-20110404,1184,"0,0,0,0,0",0
Health,http://www.sciencedaily.com/releases/2012/02/120229142132.htm,1185,"0,0,0,0,0",0
Health,http://articles.latimes.com/2012/jan/26/news/la-heb-p90x-study-20120126,1186,"0,0,0,0,0",0
Health,http://ask.metafilter.com/157027/How-effective-is-p90x,1187,"0,0,0,0,0",0
Health,http://www.fitnesshealthsport.com/p90x-workout/,1188,"0,0,0,0,0",0
Health,http://www.prnewswire.com/news-releases/american-council-on-exercise-evaluates-impact-of-p90x-workout-138130903.html,1189,"0,0,0,0,0",0
Health,http://www.p90xwiki.com/,1190,"0,0,0,0,0",0
Health,http://www.p90xworkoutschedule.com/does-p90x-really-work,1191,"0,0,0,0,0",0
Health,http://bestweightlossprogramsreviews.org/p90x-workout-review/,1192,"0,0,0,0,0",0
Health,http://www.livestrong.com/p90x-workout-results/,1193,"0,0,0,0,0",0
Health,http://en.wikipedia.org/wiki/P90X,1194,"0,0,0,0,0",0
Health,http://www.findhealthwealthwisdom.com/beachbody_p90x.html,1195,"0,0,0,0,0",0
Health,http://www.webmd.com/fitness-exercise/features/the-p90x-system,1196,"0,0,0,0,0",0
Health,http://p90xworkoutreviewsv.com/the-effectiveness-of-the-p90x-workout-program/,1197,"0,0,0,0,0",0
Health,http://forums.plentyoffish.com/datingPosts14645209.aspx,1198,"0,0,0,0,0",0
Health,http://thyroid.about.com/u/reviews/loseweightsuccessfully/Thyroid-Diet-Weight-Loss-Programs/P90X-Exercise-Diet-Program----Tough-and-Effective.htm,1199,"0,0,0,0,0",0
Health,http://hprc-online.org/physical-fitness/hprc-articles/is-p90x-a-suitable-readiness-tool,1200,"0,0,0,0,0",0
Health,http://www.acefitness.org/certifiednewsarticle/1443/p90x-insanity-and-rushfit-a-side-by-side/,1201,"0,0,0,0,0",0
Health,http://workout99.blogse.nl/log/p90x-workout-program-why-p90x-so-effective.html,1202,"0,0,0,0,0",0
Health,http://ezinearticles.com/?Does-P90x-Work?-The-P90x-Reviews-Are-In---Here-is-What-They-Say&id=1212205,1203,"0,0,0,0,0",0
Health,http://tracker.dailyburn.com/workout_programs/80307,1204,"0,0,0,0,0",0
Health,http://www.youtube.com/watch?v=92NVGBA-3XM,1205,"0,0,0,0,0",0
Health,http://www.vilainefille.com/tag/p90x-review,1206,"0,0,0,0,0",0
Health,http://p90xprograms.wordpress.com/,1207,"0,0,0,0,0",0
Health,http://www.firefighternation.com/article/firefighter-fitness-and-health/review-crossfit-p90x-workout-programs,1208,"0,0,0,0,0",0
Health,http://www.mortaljourney.com/2011/02/home-page/p90x-exercise-program,1209,"0,0,0,0,0",0
Health,http://ultimateworkoutsessions.com/p90x,1210,"0,0,0,0,0",0
Health,http://www.bodyhack.com/blog/crossfit-vs-p90x-606,1211,"0,0,0,0,0",0
Health,http://www.quora.com/Which-is-the-better-workout-program-GSP-Rushfit-Insanity-or-P90X,1212,"0,0,0,0,0",0
Health,http://www.chillingeffects.org/notice.cgi?sID=137972,1213,"0,0,0,0,0",0
Health,http://www.beachbody.com/product/fitness_programs/p90x-faqs.do,1214,"0,0,0,0,0",0
Health,http://www.beachbody.co.uk/product/fitness-training/p90x-workout.do,1215,"0,0,0,0,0",0
Health,http://www.daveywaveyfitness.com/exercises/does-p90x-work-study/,1216,"0,0,0,0,0",0
Health,http://www.buyp90xinstore.com/90x-workout-schedule-pdf90x-workout-schedule-lean-p_85.html,1217,"0,0,0,0,0",0
Health,http://gei5588.blogdetik.com/2012/04/12/p90x-workouts-p90x-exercise-program-p90x/,1218,"0,0,0,0,0",0
Health,http://www.p90x-dvdset.com/blog/does-the-p90x-extreme-fitness-workout-program-really-work/,1219,"0,0,0,0,0",0
Health,http://getfitnsexywitshamekabatte.com/fitness-programs/p90x/,1220,"0,0,0,0,0",0
Health,http://www.workout99.com/blog/,1221,"0,0,0,0,0",0
Health,http://www.livestrong.com/lose-weight-with-p90x/,1222,"0,0,0,0,0",0
Health,http://cardiovascularfitnesshomegym.com/exercise/workout-routines-for-women,1223,"0,0,0,0,0",0
Health,http://www.cbsnews.com/2100-204_162-5346050.html,1224,"0,0,0,0,0",0
Health,http://www.youtube.com/watch?v=QG5pj_TWJ6o,1225,"0,0,0,0,0",0
Health,http://www.youtube.com/watch?v=BWRMTUrTAOc,1226,"0,0,0,0,0",0
Health,http://www.sciencenews.org/view/generic/id/49017/title/Science_+_the_Public__H1N1_vaccine_Counting_side_effects,1227,"0,0,0,0,0",0
Health,http://megandoyle.suite101.com/swine-flu-vaccine-side-effects-a150414,1228,"0,0,0,0,0",0
Health,http://articles.mercola.com/sites/articles/archive/2009/12/05/Swine-Flu-Shot-Side-Effects-Beginning-to-Take-Their-Toll.aspx,1229,"0,0,0,0,0",0
Health,http://www.globalresearch.ca/index.php?context=va&aid=14950,1230,"0,0,0,0,0",0
Health,http://www.youtube.com/watch?v=P8Lb_FPHA5o,1231,"0,0,0,0,0",0
Health,http://www.youtube.com/watch?v=pzOQHdDvbxg,1232,"0,0,0,0,0",0
Health,http://www.youtube.com/watch?v=nkgUpvR8uI4,1233,"0,0,0,0,0",0
Health,http://www.foxnews.com/health/2009/10/26/tracking-hn-vaccine-effects/,1234,"0,0,0,0,0",0
Health,http://bodyandhealth.canada.com/channel_section_details.asp?text_id=5236&channel_id=2097&relation_id=70297,1235,"0,0,0,0,0",0
Health,http://infectiousdiseases.about.com/b/2009/10/16/side-effects-from-h1n1-vaccines.htm,1236,"0,0,0,0,0",0
Health,http://www.prlog.org/11086603-vaccines-side-effects-h1n1-flu-vaccination.html,1237,"0,0,0,0,0",0
Health,http://www.abc15.com/,1238,"0,0,0,0,0",0
Health,http://www.cbsnews.com/2100-500165_162-5723397.html,1239,"0,0,0,0,0",0
Health,http://www.drugs.com/sfx/h1n1-influenza-virus-vaccine-side-effects.html,1240,"0,0,0,0,0",0
Health,http://health.utah.gov/mihp/pdf/H1N1_Vaccine.pdf,1241,"0,0,0,0,0",0
Health,http://www.squidoo.com/h1n1vaccine,1242,"0,0,0,0,0",0
Health,http://tami-nicholson.suite101.com/side-effects-of-swine-flu-vaccine-a161447,1243,"0,0,0,0,0",0
Health,http://www.pqms.moh.gov.sg/apps/fcd_faqmain.aspx?qst=2fN7e274RAp%2BbUzLdEL/mJu3ZDKARR3p5Nl92FNtJieY/r17bY07krP1no9rT7mUD0YrB4OGPdL38IaZgy0fD9SMG3w3H3iGmH6ejcS4hWf4Wu7HFpVVvGMPW8VABkQs2tmzg05zQc14uvmJgqgvYHr6n56J6cFBGFAvt1iAE88/fwbEbTQR1wXo%2BfZLrgQAcVOhoyqz4AXeOUHH5Tp0gjhQX7SZoyRflRdYHKsfckY1u0l9DatmIA%3D%3D,1244,"0,0,0,0,0",0
Health,http://www.youtube.com/watch?v=EcMHqXQrR8s,1245,"0,0,0,0,0",0
Health,http://www.dailymotion.com/video/xp91m1_the-side-effects-of-the-h1n1-vaccine_lifestyle,1246,"0,0,0,0,0",0
Health,http://www.steadyhealth.com/articles/H1N1_Vaccine_Side_Effects__Reactions_to_Swine_Flu_Vaccine_a1108.html,1247,"0,0,0,0,0",0
Health,http://www.cbsnews.com/video/watch/?id=5721328n,1248,"0,0,0,0,0",0
Health,http://www.youtube.com/watch?v=y_ITCTbK75c,1249,"0,0,0,0,0",0
Health,http://www.medicinenet.com/flu_vaccination/article.htm,1250,"0,0,0,0,0",0
Health,http://www.naturalnews.com/027473_Guillain-Barre_Syndrome_swine_flu_vaccine.html,1251,"0,0,0,0,0",0
Health,http://www.healthboards.com/boards/swine-flu-h1n1/719460-h1n1-vaccine-side-effects.html,1252,"0,0,0,0,0",0
Health,http://www.emedicinehealth.com/drug-h1n1_influenza_virus_vaccine_injectable/article_em.htm,1253,"0,0,0,0,0",0
Health,http://thestar.com.my/health/story.asp?file=/2010/1/10/health/5430173&sec=health,1254,"0,0,0,0,0",0
Health,http://www.politifact.com/truth-o-meter/article/2009/oct/14/new-side-effect-h1n1-virus-exaggeration/,1255,"0,0,0,0,0",0
Health,http://www.mayoclinic.com/health/drug-information/DR603021/DSECTION=side-effects,1256,"0,0,0,0,0",0
Personal Finance,http://www.investmentu.com/2012/February/is-it-a-good-time-to-invest.html,1257,"0,0,0,0,0",0
Personal Finance,http://www.moneycontrol.com/news/fii-view/good-time-to-investcosdollar-earnings-em-cap_706630.html,1258,"0,0,0,0,0",0
Personal Finance,http://economictimes.indiatimes.com/opinion/interviews/good-time-to-invest-in-equities-lalit-nambiar-uti-amc/articleshow/13213801.cms,1259,"0,0,0,0,0",0
Personal Finance,http://www.todayszaman.com/columnist-276264-is-this-a-good-time-to-invest-in-us-real-estate.html,1260,"0,0,0,0,0",0
Personal Finance,http://realestate.msn.com/article.aspx?cp-documentid=23972039,1261,"0,0,0,0,0",0
Personal Finance,http://news.xinhuanet.com/english/indepth/2012-05/11/c_131582376.htm,1262,"0,0,0,0,0",0
Personal Finance,http://www.goodreturns.in/news/2012/05/19/when-is-the-best-time-invest-equities-124143.html,1263,"0,0,0,0,0",0
Personal Finance,http://krugman.blogs.nytimes.com/2011/12/29/a-slump-is-a-good-time-to-invest-in-infrastructure/,1264,"0,0,0,0,0",0
Personal Finance,http://www.moneymorning.com.au/20111213/is-now-a-good-time-to-invest-in-stocks.html,1265,"0,0,0,0,0",0
Personal Finance,http://articles.economictimes.indiatimes.com/2011-09-11/news/30142390_1_turmoil-gold-gold-prices-gold-market,1266,"0,0,0,0,0",0
Personal Finance,http://seekingalpha.com/article/273997-is-this-a-good-time-to-invest-in-banks,1267,"0,0,0,0,0",0
Personal Finance,http://www.investmentweek.co.uk/investment-week/feature/2172488/invest-fine-wine,1268,"0,0,0,0,0",0
Personal Finance,http://www.youtube.com/watch?v=WHNH0tFupSU,1269,"0,0,0,0,0",0
Personal Finance,http://abnormalreturns.com/wall-street-was-never-on-your-side/,1270,"0,0,0,0,0",0
Personal Finance,http://www.cnbc.com/id/46602296/Is_Now_the_Time_to_Invest_in_Fine_Wine,1271,"0,0,0,0,0",0
Personal Finance,http://www.thisismoney.co.uk/money/mortgageshome/article-1724373/Is-it-a-good-time-to-invest-in-buy-to-let.html,1272,"0,0,0,0,0",0
Personal Finance,http://www.investopedia.com/financial-edge/0611/Is-Now-A-Good-Time-To-Invest-In-Real-Estate.aspx,1273,"0,0,0,0,0",0
Personal Finance,http://www.telegraph.co.uk/finance/personalfinance/investing/9148751/Is-now-the-time-to-invest-in-the-US.html,1274,"0,0,0,0,0",0
Personal Finance,http://web.isaco.co.uk/blog/bid/122484/Is-now-a-good-time-to-invest,1275,"0,0,0,0,0",0
Personal Finance,http://www.hotstockmarket.com/t/195502/is-it-a-good-time-to-invest-in-the-long-term,1276,"0,0,0,0,0",0
Personal Finance,http://lifeasrealestateinvestors.com/2012/03/is-now-a-good-time-to-invest-in-real-estate/,1277,"0,0,0,0,0",0
Personal Finance,http://www.bankrate.com/financing/mortgages/good-time-to-invest-in-a-rental/,1278,"0,0,0,0,0",0
Personal Finance,http://www.youtube.com/watch?v=HOrVVQQj03I,1279,"0,0,0,0,0",0
Personal Finance,http://www.financialsense.com/contributors/marin-katusa/2011/11/16/is-it-a-good-time-to-invest-in-pipeline-companies,1280,"0,0,0,0,0",0
Personal Finance,http://www.winnipegfreepress.com/local/good-time-to-invest-in-office-space-in-canada-145725415.html,1281,"0,0,0,0,0",0
Personal Finance,http://business.inquirer.net/44631/is-it-time-to-invest-in-the-stock-market,1282,"0,0,0,0,0",0
Personal Finance,http://beginnersinvest.about.com/od/marketsexchangeindices/a/investinterview.htm,1283,"0,0,0,0,0",0
Personal Finance,http://www.yourinvestmentpropertymag.com.au/article/when-is-the-best-time-to-invest-118780.aspx,1284,"0,0,0,0,0",0
Personal Finance,http://video.foxbusiness.com/v/4509902/is-now-the-best-time-to-invest-in-spending--/,1285,"0,0,0,0,0",0
Personal Finance,http://www.youtube.com/watch?v=w54dVwG8u58,1286,"0,0,0,0,0",0
Personal Finance,http://www.bizjournals.com/boston/print-edition/2012/04/27/always-a-good-time-to-invest-in.html,1287,"0,0,0,0,0",0
Personal Finance,http://birmingham.patch.com/blog_posts/is-it-a-good-time-to-invest-in-a-rental,1288,"0,0,0,0,0",0
Personal Finance,http://sweatingthebigstuff.com/good-time-invest-real-estate/,1289,"0,0,0,0,0",0
Personal Finance,http://www.uppermichiganssource.com/news/story.aspx?id=660255,1290,"0,0,0,0,0",0
Personal Finance,http://debatewise.org/debates/4-is-it-a-good-time-to-invest-in-berlin-residential-property,1291,"0,0,0,0,0",0
Personal Finance,http://www.physicsforums.com/showthread.php?p=2571575,1292,"0,0,0,0,0",0
Personal Finance,http://money.cnn.com/magazines/moneymag/money101/lesson6/index.htm,1293,"0,0,0,0,0",0
Personal Finance,http://articles.moneycentral.msn.com/Investing/MutualFunds_DC/MutualFunds.aspx,1294,"0,0,0,0,0",0
Personal Finance,http://beginnersinvest.about.com/od/mutualfunds1/tp/mutual-funds-investing-guide.htm,1295,"0,0,0,0,0",0
Personal Finance,http://www.marketwatch.com/getting-started/mutual-funds,1296,"0,0,0,0,0",0
Personal Finance,http://freefrombroke.com/invest-mutual-funds/,1297,"0,0,0,0,0",0
Personal Finance,http://www.advisor.ca/news/industry-news/pi-financial-rep-banned-fined-150000-79575,1298,"0,0,0,0,0",0
Personal Finance,http://www.vancouversun.com/business/Mutual+fund+salesman+Mytting+suspended+five+years/6649576/story.html,1299,"0,0,0,0,0",0
Personal Finance,http://www.investopedia.com/university/mutualfunds/,1300,"0,0,0,0,0",0
Personal Finance,http://www.theglobeandmail.com/globe-investor/investor-education/what-will-it-cost-to-invest-in-mutual-funds/article657176/,1301,"0,0,0,0,0",0
Personal Finance,http://www.prudential.com/view/page/public/12509?param=12590&id=8,1302,"0,0,0,0,0",0
Personal Finance,http://www.bylo.org/affordmf.html,1303,"0,0,0,0,0",0
Personal Finance,http://www.thestreet.com/stock-market-news/10571219/top-rated-mutual-funds/top-rated-mutual-funds.html,1304,"0,0,0,0,0",0
Personal Finance,http://www.smartmoney.com/invest/funds/,1305,"0,0,0,0,0",0
Personal Finance,https://www.phn.com/portals/0/pdfs/FormsandDocuments/02%202012%20RBC1834_S_TaxInvet_MutalFund%20final.pdf,1306,"0,0,0,0,0",0
Personal Finance,https://www.wellsfargo.com/investing/basics/stocks_bonds_mf,1307,"0,0,0,0,0",0
Personal Finance,http://www.crown.org/library/viewarticle.aspx?articleid=140,1308,"0,0,0,0,0",0
Personal Finance,http://www.tdcanadatrust.com/mutualfunds/mffhff.jsp,1309,"0,0,0,0,0",0
Personal Finance,https://saf.wellsfargoadvisors.com/emx/dctm/Marketing/Marketing_Materials/Mutual_Funds/e6244.pdf,1310,"0,0,0,0,0",0
Personal Finance,http://www.moneycrashers.com/invest-in-anti-terrorism-mutual-funds/,1311,"0,0,0,0,0",0
Personal Finance,http://www.icicibank.com/Personal-Banking/investments/mutual-funds/mutual-funds-online.html,1312,"0,0,0,0,0",0
Personal Finance,http://www.ici.org/pdf/bro_understanding_mfs_p.pdf,1313,"0,0,0,0,0",0
Personal Finance,http://www.pinoymoneytalk.com/?cat=41,1314,"0,0,0,0,0",0
Personal Finance,http://www.osc.gov.on.ca/documents/en/Investors/res_mutual-funds_en.pdf,1315,"0,0,0,0,0",0
Personal Finance,http://dealbook.nytimes.com/2012/01/18/mutual-funds-invest-in-brazilian-online-deals-company/,1316,"0,0,0,0,0",0
Personal Finance,http://www.kiplinger.com/reports/investing-outlook-2012/,1317,"0,0,0,0,0",0
Personal Finance,https://research.sharebuilder.com/sharebuilder/mutual-funds/find-mutual-funds,1318,"0,0,0,0,0",0
Personal Finance,http://www.northwesternmutual.com/products-and-services/personal/mutual-funds/default.aspx,1319,"0,0,0,0,0",0
Personal Finance,http://money.stackexchange.com/questions/13980/what-mutual-funds-does-dave-ramsey-invest-in,1320,"0,0,0,0,0",0
Personal Finance,http://www.kotakmutual.com/kmw/mf_school/mutual-funds-investments-basics.htm,1321,"0,0,0,0,0",0
Personal Finance,http://www.schwab.com/public/schwab/investing/accounts_products/investment/mutual_funds,1322,"0,0,0,0,0",0
Personal Finance,http://www.online.citibank.co.in/products-services/investments/mutual-funds/mutual-funds.htm,1323,"0,0,0,0,0",0
Personal Finance,http://www.bankrate.com/finance/investing/investing-mutual-funds-stocks.aspx,1324,"0,0,0,0,0",0
Personal Finance,http://www.indiastudychannel.com/experts/26809-best-mutual-funds-for-investing.aspx,1325,"0,0,0,0,0",0
Personal Finance,http://businesstoday.intoday.in/story/mutual-funds-2012/1/21139.html,1326,"0,0,0,0,0",0
Personal Finance,http://www.marketwatch.com/investing/mutual-funds,1327,"0,0,0,0,0",0
Personal Finance,http://www.aaii.com/investing/article/2-how-many-mutual-funds-should-you-have-in-your-investment-portfolio,1328,"0,0,0,0,0",0
Personal Finance,https://www.wellsfargo.com/mortgage/mortgage-refinance/,1329,"0,0,0,0,0",0
Personal Finance,http://go.bloomberg.com/political-economy/2012-05-17/magic-number-of-the-day-5-05-million/,1330,"0,0,0,0,0",0
Personal Finance,"http://www.chicagotribune.com/business/sns-rt-us-usa-economy-mortgagesbre84f0gy-20120516,0,6245437.story",1331,"0,0,0,0,0",0
Personal Finance,http://www.sfgate.com/cgi-bin/article.cgi?f=/c/a/2012/05/18/REM41OJIHO.DTL,1332,"0,0,0,0,0",0
Personal Finance,http://www.shorefinancial.com/,1333,"0,0,0,0,0",0
Personal Finance,https://www.gmacmortgage.com/mortgage-refinancing.html,1334,"0,0,0,0,0",0
Personal Finance,http://www.mortgagefit.com/refinance.html,1335,"0,0,0,0,0",0
Personal Finance,http://www.mortgagerefinancing.net/,1336,"0,0,0,0,0",0
Personal Finance,http://calumross.com/mortgages-canada/mortgages-101/refinancing/,1337,"0,0,0,0,0",0
Personal Finance,http://www.mortgage-refinancing-reviews.com/,1338,"0,0,0,0,0",0
Personal Finance,http://www.mortgagerefinance.com/,1339,"0,0,0,0,0",0
Personal Finance,http://www.citimortgage.com/,1340,"0,0,0,0,0",0
Personal Finance,http://www.mortgagerefinancing.co/,1341,"0,0,0,0,0",0
Personal Finance,http://www.mortgagerefinancingbuzz.com/,1342,"0,0,0,0,0",0
Personal Finance,http://www.gomortgagesolutions.com/,1343,"0,0,0,0,0",0
Personal Finance,https://www.chase.com/online/Home-Refinance/mortgage-refinancing.htm,1344,"0,0,0,0,0",0
Personal Finance,http://www.realtor.com/home-finance/financial-calculators/mortgage-refinancing-calculator.aspx,1345,"0,0,0,0,0",0
Personal Finance,http://www.washingtonpost.com/politics/obama-to-tout-success-of-mortgage-refinancing/2012/05/11/gIQA49wMHU_story.html,1346,"0,0,0,0,0",0
Personal Finance,http://www.calcxml.com/calculators/should-i-refinance-my-mortgage,1347,"0,0,0,0,0",0
Personal Finance,http://www.meridiancu.ca/,1348,"0,0,0,0,0",0
Personal Finance,http://www.refinancingmortgage.pro/,1349,"0,0,0,0,0",0
Personal Finance,http://www.cbsnews.com/8301-503544_162-57369731-503544/obama-unveils-mortgage-refinancing-plan/,1350,"0,0,0,0,0",0
Personal Finance,http://www.makinghomeaffordable.gov/,1351,"0,0,0,0,0",0
Personal Finance,http://www.ratesupermarket.ca/mortgage_refinancing/,1352,"0,0,0,0,0",0
Personal Finance,http://www.absolutemortgageco.com/,1353,"0,0,0,0,0",0
Personal Finance,http://www.firstoptiononline.com/,1354,"0,0,0,0,0",0
Personal Finance,http://www.goapply.com/,1355,"0,0,0,0,0",0
Personal Finance,http://www.hsh.com/usnrcalc.html,1356,"0,0,0,0,0",0
Personal Finance,http://www.quickenloans.com/,1357,"0,0,0,0,0",0
Personal Finance,http://www.creditsesame.com/refinance/,1358,"0,0,0,0,0",0
Personal Finance,http://online.wsj.com/article/SB10001424052970203806504577181652800384514.html,1359,"0,0,0,0,0",0
Personal Finance,http://www.teamtechnology.co.uk/loans-guidebook/reduce-your-debt.html,1360,"0,0,0,0,0",0
Personal Finance,http://www.ftc.gov/bcp/edu/pubs/consumer/credit/cre19.shtm,1361,"0,0,0,0,0",0
Personal Finance,http://www.ehow.com/how_2330584_reduce-credit-card-debt.html,1362,"0,0,0,0,0",0
Personal Finance,http://www.becomingminimalist.com/2011/10/14/33-proven-ways-to-reduce-personal-debt/,1363,"0,0,0,0,0",0
Personal Finance,http://www.webwombat.com.au/finance_/articles/reducing-creditcard-debt.htm,1364,"0,0,0,0,0",0
Personal Finance,http://www.mint.com/blog/goals/your-bailout-slash-your-credit-card-debt/,1365,"0,0,0,0,0",0
Personal Finance,http://www.credit-factor.com/debtfree/10-steps-to-reduce-personal-debt,1366,"0,0,0,0,0",0
Personal Finance,http://www.creditcardfinder.com.au/credit-card-debt,1367,"0,0,0,0,0",0
Personal Finance,http://loan.approval.net/5/how-to-reduce-personal-debt/,1368,"0,0,0,0,0",0
Personal Finance,http://www.fool.com/how-to-invest/personal-finance/credit/index.aspx,1369,"0,0,0,0,0",0
Personal Finance,http://www.wikihow.com/Reduce-Your-Personal-Debt,1370,"0,0,0,0,0",0
Personal Finance,http://www.insolvencyprofessionals.com.au/debt-help/how-to-reduce-credit-card-debt-reducing-credit-card-debt-tips,1371,"0,0,0,0,0",0
Personal Finance,http://www.creditcards.com/credit-card-news/help/8-steps-cut-credit-card-debt-6000.php,1372,"0,0,0,0,0",0
Personal Finance,http://www.moving.com/articles/reduce-your-debt.asp,1373,"0,0,0,0,0",0
Personal Finance,http://www.creditcarddebtrelief.org/how-to-reduce-credit-card-debt/,1374,"0,0,0,0,0",0
Personal Finance,http://www.youtube.com/watch?v=MCPpzfGorjE,1375,"0,0,0,0,0",0
Personal Finance,http://www.moneyclubs.com/smallstep-prevent-identity-theft.htm,1376,"0,0,0,0,0",0
Personal Finance,http://www.ratesupermarket.ca/blog/ways-to-reduce-personal-debt-after-the-holidays/,1377,"0,0,0,0,0",0
Personal Finance,http://www.consolidatedcredit.org/credit-card-debt/reduce-debt/,1378,"0,0,0,0,0",0
Personal Finance,http://www.debtconsolidationcare.com/debt-reduction.html,1379,"0,0,0,0,0",0
Personal Finance,http://l-pawlik-kienlen.suite101.com/four-psychological-incentives-for-reducing-debt-a194723,1380,"0,0,0,0,0",0
Personal Finance,http://cgi.money.cnn.com/tools/debtplanner/debtplanner.jsp,1381,"0,0,0,0,0",0
Personal Finance,http://www.cleveland.com/business/index.ssf/2011/12/how_to_reduce_your_credit_card.html,1382,"0,0,0,0,0",0
Personal Finance,http://creditcarddebtx.com/credit-card-debt-problem-solving/,1383,"0,0,0,0,0",0
Personal Finance,http://debtpayoff.ca/blog/how-to-reduce-credit-card-debt-quickly/,1384,"0,0,0,0,0",0
Personal Finance,http://www.youtube.com/watch?v=Yj4dbjfc4hg,1385,"0,0,0,0,0",0
Personal Finance,http://www.moolanomy.com/181/7-steps-debt-reduction-illustrated/,1386,"0,0,0,0,0",0
Personal Finance,http://www.harringtonbrooks.co.uk/finances/reduce-personal-debt/,1387,"0,0,0,0,0",0
Personal Finance,http://www.foxsymes.com.au/articles/Tips-to-Reduce-Credit-Card-Debts,1388,"0,0,0,0,0",0
Personal Finance,http://www.incharge.org/faqs/faqs-about-debt/reducing-credit-card-debt,1389,"0,0,0,0,0",0
Personal Finance,http://today.msnbc.msn.com/id/40912516/ns/today-money/t/start-year-right-tackling-credit-card-debt/,1390,"0,0,0,0,0",0
Personal Finance,http://budgeting.thenest.com/reduce-credit-card-debt/,1391,"0,0,0,0,0",0
Personal Finance,http://www.credit.com/products/debt/Debt-Reduction-Do-It-Yourself.jsp,1392,"0,0,0,0,0",0
Personal Finance,http://www.businessblogshub.com/2010/10/how-to-reduce-credit-card-debt/,1393,"0,0,0,0,0",0
Personal Finance,http://www.hsbc.com.sg/1/2/miscellaneous/personal/cards/card-information/hsbc-misc-personal-cards-info-tips,1394,"0,0,0,0,0",0
Personal Finance,http://beginnersinvest.about.com/od/creditcarddebt/,1395,"0,0,0,0,0",0
Personal Finance,http://goodcents.pocketsmith.com/money-management/how-to-reduce-credit-card-debt/,1396,"0,0,0,0,0",0
Personal Finance,http://www.life-insurance-free-quote.com/life-insurance/personal-debt-relief-how-to-reduce-and-eliminate-debt-interest-credit-card,1397,"0,0,0,0,0",0
Personal Finance,http://articles.economictimes.indiatimes.com/2011-09-11/news/30142390_1_turmoil-gold-gold-prices-gold-market,1398,"0,0,0,0,0",0
Personal Finance,http://themoneyguy.hubpages.com/hub/Is-this-a-good-time-to-buy-gold,1399,"0,0,0,0,0",0
